Ecwid,https://www.ecwid.com
Cloudamize,https://www.cloudamize.com
Proofpoint,https://www.proofpoint.com
VMware,https://www.vmware.com
Zerospam,https://zerospam.ca
APC Schneider Electric,https://www.apc.com
Adobe,https://www.adobe.com
Anyroute,https://www.anyroute.cloud
Bass International Software,https://www.linkedin.com
Bundesdruckerei,https://www.bundesdruckerei.de
Cloud Worldwide Services,https://cloudworldwideservices.com
GoToMeeting,https://www.gotomeeting.com
Haldor,https://www.topsoe.com
Mandarine Academy,https://mandarine.academy
NS8,https://www.avolin.com
Samsung,https://www.samsung.com
Syndication,https://www.merriam-webster.com
Ziwo,https://www.ziwo.io
Harmony,https://www.dictionary.com
Apple,https://www.apple.com
Polycom,https://www.poly.com
Salesforce,https://www.salesforce.com
